{"SavedWallDepth":2.3698644638061525,"SavedDepthSensitivity":0.23700962960720063,"SavedTopCutOff":0.372350811958313,"SavedBottomCutOff":-0.3559984564781189,"SavedLeftCutOff":-0.1452903151512146,"SavedRightCutOff":0.03848111629486084}