{"SavedWallDepth":2.319864511489868,"SavedDepthSensitivity":0.232009619474411,"SavedTopCutOff":0.22839760780334474,"SavedBottomCutOff":-0.22042328119277955,"SavedLeftCutOff":-0.39567703008651736,"SavedRightCutOff":0.16603434085845948,"ShowGui":true}