{"SavedWallDepth":3.41986346244812,"SavedDepthSensitivity":0.34200847148895266,"SavedTopCutOff":0.4049491882324219,"SavedBottomCutOff":-0.4885633587837219,"SavedLeftCutOff":-0.1291484236717224,"SavedRightCutOff":0.46064186096191409,"ShowGui":true,"zoomSaved":1.75,"offsetSaved":{"x":150,"y":470},"InversedCoords":false}