{"SavedWallDepth":2.379864454269409,"SavedDepthSensitivity":0.23800963163375855,"SavedTopCutOff":0.14439046382904054,"SavedBottomCutOff":-0.1426258683204651,"SavedLeftCutOff":-0.20134484767913819,"SavedRightCutOff":0.27617764472961428,"ShowGui":true,"zoomSaved":1.75,"offsetSaved":{"x":200,"y":250}}