{"SavedWallDepth":2.449864387512207,"SavedDepthSensitivity":0.245009645819664,"SavedTopCutOff":0.14057135581970216,"SavedBottomCutOff":-0.11230623722076416,"SavedLeftCutOff":-0.10106945037841797,"SavedRightCutOff":0.17204046249389649,"ShowGui":true,"zoomSaved":1.75,"offsetSaved":{"x":250,"y":200}}