{"SavedWallDepth":3.439863443374634,"SavedDepthSensitivity":0.3440084457397461,"SavedTopCutOff":-0.003409862518310547,"SavedBottomCutOff":-0.4313589334487915,"SavedLeftCutOff":-0.22721320390701295,"SavedRightCutOff":0.33650386333465578,"ShowGui":true,"zoomSaved":2.0,"offsetSaved":{"x":310,"y":480},"InversedCoords":false}