{"SavedWallDepth":2.329864501953125,"SavedDepthSensitivity":0.23300962150096894,"SavedTopCutOff":0.2493981122970581,"SavedBottomCutOff":-0.11708205938339234,"SavedLeftCutOff":-0.30436772108078005,"SavedRightCutOff":0.25085747241973879,"ShowGui":true}